{"cameraMode":{"drawMode":0,"name":"Shaded","section":"Shading Mode"},"sceneLighting":true,"audioPlay":false,"sceneViewState":{"showFog":true,"showMaterialUpdate":true,"showSkybox":true,"showFlares":true,"showImageEffects":true,"showParticleSystems":true},"in2DMode":false,"pivot":{"x":-0.01649221032857895,"y":-0.5879887938499451,"z":-6.391244888305664},"rotation":{"x":0.4284864664077759,"y":0.044695090502500537,"z":-0.021227318793535234,"w":0.9021933078765869},"size":1.8845176696777344,"orthographic":false}