{"cameraMode":{"drawMode":0,"name":"Shaded","section":"Shading Mode"},"sceneLighting":true,"audioPlay":false,"sceneViewState":{"showFog":true,"showMaterialUpdate":true,"showSkybox":true,"showFlares":true,"showImageEffects":true,"showParticleSystems":true},"in2DMode":false,"pivot":{"x":-2.5238728523254396,"y":1.6885936260223389,"z":-6.2804365158081059},"rotation":{"x":0.18891486525535584,"y":-0.6605129241943359,"z":0.17705395817756654,"w":0.7047603130340576},"size":7.089484214782715,"orthographic":false}