{"cameraMode":{"drawMode":0,"name":"Shaded","section":"Shading Mode"},"sceneLighting":false,"audioPlay":false,"sceneViewState":{"showFog":true,"showMaterialUpdate":true,"showSkybox":false,"showFlares":true,"showImageEffects":true,"showParticleSystems":true},"in2DMode":false,"pivot":{"x":-2.163431167602539,"y":0.9240989089012146,"z":-7.5453081130981449},"rotation":{"x":0.3567574918270111,"y":0.415824830532074,"z":-0.18166960775852204,"w":0.8165842294692993},"size":1.5653455257415772,"orthographic":false}