{"cameraMode":{"drawMode":0,"name":"Shaded","section":"Shading Mode"},"sceneLighting":false,"audioPlay":false,"sceneViewState":{"showFog":true,"showMaterialUpdate":true,"showSkybox":false,"showFlares":true,"showImageEffects":true,"showParticleSystems":true},"in2DMode":false,"pivot":{"x":0.0,"y":-0.04999999329447746,"z":7.450580596923828e-8},"rotation":{"x":0.15030184388160706,"y":0.01779450848698616,"z":-0.0027057004626840355,"w":0.9884768128395081},"size":0.708872377872467,"orthographic":false}