{"cameraMode":{"drawMode":0,"name":"Shaded","section":"Shading Mode"},"sceneLighting":true,"audioPlay":false,"sceneViewState":{"showFog":true,"showMaterialUpdate":true,"showSkybox":true,"showFlares":true,"showImageEffects":true,"showParticleSystems":true},"in2DMode":false,"pivot":{"x":-7.386247158050537,"y":-0.8598745465278626,"z":-11.069388389587403},"rotation":{"x":0.4649325907230377,"y":-0.03185967355966568,"z":0.016744963824748994,"w":0.8846158981323242},"size":4.7189106941223148,"orthographic":false}