{"cameraMode":{"drawMode":0,"name":"Shaded","section":"Shading Mode"},"sceneLighting":false,"audioPlay":false,"sceneViewState":{"showFog":true,"showMaterialUpdate":true,"showSkybox":false,"showFlares":true,"showImageEffects":true,"showParticleSystems":true},"in2DMode":false,"pivot":{"x":0.6452994346618652,"y":-3.0088486671447756,"z":0.25383707880973818},"rotation":{"x":-0.02996460162103176,"y":0.5202338695526123,"z":0.01826968789100647,"w":0.8533034920692444},"size":4.135535717010498,"orthographic":false}